frame,time_ps,protein_rmsd_A,rog_A
0.0,10.000000029814057,5.070386129858274e-06,60.030167627447206
1.0,20.000000059628114,0.6700939177112111,60.01995223049997
2.0,30.00000008944217,0.7512271528231066,60.10264042435501
